{"text": " Acute. Chronic. Asymptomatic. Idiopathic. Infection. Diagnosis. Prognosis. Anemia. Hypertension. Arrhythmia. Inflammation. Lesion. Edema. Hypoglycemia. Biopsy. Incision. Catheter. Dialysis. Steroid. Chemotherapy. Radiotherapy. Sepsis. Stroke. Osteoporosis.", "segments": [{"id": 0, "seek": 0, "start": 0.0, "end": 14.08, "text": " Acute. Chronic. Asymptomatic. Idiopathic. Infection. Diagnosis. Prognosis. Anemia.", "tokens": [50365, 5097, 1169, 13, 1721, 11630, 13, 1018, 34029, 13143, 13, 40187, 27212, 299, 13, 682, 1836, 313, 13, 8789, 4535, 8211, 13, 1705, 4568, 8211, 13, 1107, 14058, 13, 51069], "temperature": 0.0, "avg_logprob": -0.14237110542528558, "compression_ratio": 1.0649350649350648, "no_speech_prob": 8.713904164209252e-13}, {"id": 1, "seek": 1408, "start": 14.08, "end": 33.92, "text": " Hypertension. Arrhythmia. Inflammation. Lesion. Edema. Hypoglycemia. Biopsy. Incision. Catheter. Dialysis. Steroid.", "tokens": [50365, 5701, 15346, 3378, 13, 1587, 81, 34494, 654, 13, 682, 3423, 5136, 399, 13, 6965, 313, 13, 3977, 5619, 13, 45649, 38353, 26422, 654, 13, 13007, 404, 3187, 13, 7779, 1991, 13, 8764, 2398, 13, 29658, 4642, 13, 33539, 17079, 13, 51357], "temperature": 0.0, "avg_logprob": -0.14540594948662652, "compression_ratio": 1.1616161616161615, "no_speech_prob": 8.457949618456695e-12}, {"id": 2, "seek": 3392, "start": 33.92, "end": 42.400000000000006, "text": " Chemotherapy. Radiotherapy. Sepsis. Stroke. Osteoporosis.", "tokens": [50365, 21357, 23208, 13, 37806, 23208, 13, 318, 10653, 271, 13, 42196, 330, 13, 422, 2941, 404, 284, 8211, 13, 50789], "temperature": 0.0, "avg_logprob": -0.06658260930668224, "compression_ratio": 1.0754716981132075, "no_speech_prob": 2.6117222967636522e-11}], "language": "en"}